filename,source_collection,source_path
Jain_manuscripts_001.jpg,Jain_manuscripts,data\immi_raw\IMMI_dataset\Jain_manuscripts\41_3.jpg
Jain_manuscripts_002.jpg,Jain_manuscripts,data\immi_raw\IMMI_dataset\Jain_manuscripts\126_3.jpg
Jain_manuscripts_003.jpg,Jain_manuscripts,data\immi_raw\IMMI_dataset\Jain_manuscripts\106_5.jpg
Jain_manuscripts_004.jpg,Jain_manuscripts,data\immi_raw\IMMI_dataset\Jain_manuscripts\165_1.jpg
Jain_manuscripts_005.jpg,Jain_manuscripts,data\immi_raw\IMMI_dataset\Jain_manuscripts\158_1.jpg
Jain_manuscripts_006.jpg,Jain_manuscripts,data\immi_raw\IMMI_dataset\Jain_manuscripts\153_1.jpg
Jain_manuscripts_007.jpg,Jain_manuscripts,data\immi_raw\IMMI_dataset\Jain_manuscripts\133_7.jpg
Jain_manuscripts_008.jpg,Jain_manuscripts,data\immi_raw\IMMI_dataset\Jain_manuscripts\124_4.jpg
Jain_manuscripts_009.jpg,Jain_manuscripts,data\immi_raw\IMMI_dataset\Jain_manuscripts\50_2.jpg
Jain_manuscripts_010.jpg,Jain_manuscripts,data\immi_raw\IMMI_dataset\Jain_manuscripts\228_1.jpg
Jain_manuscripts_011.jpg,Jain_manuscripts,data\immi_raw\IMMI_dataset\Jain_manuscripts\120_1.jpg
Jain_manuscripts_012.jpg,Jain_manuscripts,data\immi_raw\IMMI_dataset\Jain_manuscripts\2_4.jpg
Jain_manuscripts_013.jpg,Jain_manuscripts,data\immi_raw\IMMI_dataset\Jain_manuscripts\19_4.jpg
Jain_manuscripts_014.jpg,Jain_manuscripts,data\immi_raw\IMMI_dataset\Jain_manuscripts\108_5.jpg
Jain_manuscripts_015.jpg,Jain_manuscripts,data\immi_raw\IMMI_dataset\Jain_manuscripts\107_5.jpg
penn_hyphen_001.jpg,penn-in-hand,data\immi_raw\IMMI_dataset\penn-in-hand\157.jpg
penn_hyphen_002.jpg,penn-in-hand,data\immi_raw\IMMI_dataset\penn-in-hand\9.jpg
penn_hyphen_003.jpg,penn-in-hand,data\immi_raw\IMMI_dataset\penn-in-hand\76.jpg
penn_hyphen_004.jpg,penn-in-hand,data\immi_raw\IMMI_dataset\penn-in-hand\502.jpg
penn_hyphen_005.jpg,penn-in-hand,data\immi_raw\IMMI_dataset\penn-in-hand\10.jpg
penn_hyphen_006.jpg,penn-in-hand,data\immi_raw\IMMI_dataset\penn-in-hand\177.jpg
penn_hyphen_007.jpg,penn-in-hand,data\immi_raw\IMMI_dataset\penn-in-hand\25.jpg
penn_hyphen_008.jpg,penn-in-hand,data\immi_raw\IMMI_dataset\penn-in-hand\56.jpg
penn_underscore_001.jpg,penn_in_hand,data\immi_raw\IMMI_dataset\penn_in_hand\331.jpg
penn_underscore_002.jpg,penn_in_hand,data\immi_raw\IMMI_dataset\penn_in_hand\465.jpg
penn_underscore_003.jpg,penn_in_hand,data\immi_raw\IMMI_dataset\penn_in_hand\486.jpg
penn_underscore_004.jpg,penn_in_hand,data\immi_raw\IMMI_dataset\penn_in_hand\334.jpg
penn_underscore_005.jpg,penn_in_hand,data\immi_raw\IMMI_dataset\penn_in_hand\261.jpg
jain_mscripts_001.jpg,jain-mscripts,data\immi_raw\IMMI_dataset\jain-mscripts\0010.jpg
jain_mscripts_002.jpg,jain-mscripts,data\immi_raw\IMMI_dataset\jain-mscripts\0167.jpg
jain_mscripts_003.jpg,jain-mscripts,data\immi_raw\IMMI_dataset\jain-mscripts\0102.jpg
jain_mscripts_004.jpg,jain-mscripts,data\immi_raw\IMMI_dataset\jain-mscripts\0358.jpg
jain_mscripts_005.jpg,jain-mscripts,data\immi_raw\IMMI_dataset\jain-mscripts\0007.jpg
ASR_Images_001.jpg,ASR_Images,data\immi_raw\IMMI_dataset\ASR_Images\B02-S10-186.jpg
ASR_Images_002.jpg,ASR_Images,data\immi_raw\IMMI_dataset\ASR_Images\B02-S10-200.jpg
ASR_Images_003.jpg,ASR_Images,data\immi_raw\IMMI_dataset\ASR_Images\B02-S10-180.jpg
ASR_Images_004.jpg,ASR_Images,data\immi_raw\IMMI_dataset\ASR_Images\B02-S10-178.jpg
ASR_Images_005.jpg,ASR_Images,data\immi_raw\IMMI_dataset\ASR_Images\B02-S10-223.jpg
Bhoomi_data_001.jpg,Bhoomi_data,data\immi_raw\IMMI_dataset\Bhoomi_data\11.jpg
Bhoomi_data_002.jpg,Bhoomi_data,data\immi_raw\IMMI_dataset\Bhoomi_data\14.jpg
Bhoomi_data_003.jpg,Bhoomi_data,data\immi_raw\IMMI_dataset\Bhoomi_data\51.jpg
Jain_manuscripts_016.jpg,Jain_manuscripts,data\immi_raw\IMMI_dataset\Jain_manuscripts\9_5.jpg
sample_test_002.jpg,sample_test,data\immi_raw\IMMI_dataset\sample_test\gsn7_4.jpg
sample_test_003.jpg,sample_test,data\immi_raw\IMMI_dataset\sample_test\gsn1_6.jpg
sample_test_004.jpg,sample_test,data\immi_raw\IMMI_dataset\sample_test\gsn4_5.jpg
